{
   "format_version" : 1,
   "header" : {
      "description" : "moddedpe.description",
      "name" : "moddedpe.name",
      "platform_locked" : false,
      "uuid" : "d55b4e71-8bf2-3a4c-8571-858535e945a7",
      "version" : [ 0, 1, 0 ]
   },
   "min_engine_version" : [ 1, 2, 5 ],
   "modules" : [
      {
         "description" : "moddedpe.description",
         "type" : "resources",
         "uuid" : "db853053-444e-3931-89d5-ac55661e8ea3",
         "version" : [ 0, 0, 1 ]
      }
   ]
}